{
    "parent": "block/door_bottom",
    "ambientocclusion": false,
    "textures": {
        "particle": "blocks/door_acacia_lower",
        "0": "blocks/door_acacia_side",
        "1": "blocks/door_acacia_lower"
    },
    "elements": [
        {
            "name": "Element",
            "from": [ 0.0, 0.0, 0.0 ], 
            "to": [ 3.0, 16.0, 2.0 ], 
            "faces": {
                "north": { "texture": "#0", "uv": [ 11.0, 0.0, 8.0, 16.0 ], "cullface": "north" },
                "east": { "texture": "#1", "uv": [ 2.0, 0.0, 0.0, 16.0 ] },
                "south": { "texture": "#0", "uv": [ 8.0, 0.0, 11.0, 16.0 ] },
                "west": { "texture": "#1", "uv": [ 0.0, 0.0, 2.0, 16.0 ], "cullface": "west" },
                "down": { "texture": "#0", "uv": [ 8.0, 14.0, 11.0, 16.0 ] }
            }
        },
        {
            "name": "Element",
            "from": [ 0.0, 0.0, 14.0 ], 
            "to": [ 3.0, 16.0, 16.0 ], 
            "faces": {
                "north": { "texture": "#0", "uv": [ 11.0, 0.0, 8.0, 16.0 ] },
                "east": { "texture": "#1", "uv": [ 16.0, 0.0, 14.0, 16.0 ] },
                "south": { "texture": "#0", "uv": [ 8.0, 0.0, 11.0, 16.0 ] },
                "west": { "texture": "#1", "uv": [ 14.0, 0.0, 16.0, 16.0 ], "cullface": "west" },
                "down": { "texture": "#0", "uv": [ 0.0, 0.0, 3.0, 2.0 ] }
            }
        },
        {
            "name": "Element",
            "from": [ 0.0, 0.0, 2.0 ], 
            "to": [ 3.0, 2.0, 14.0 ], 
            "faces": {
                "east": { "texture": "#1", "uv": [ 14.0, 14.0, 2.0, 16.0 ] },
                "west": { "texture": "#1", "uv": [ 2.0, 14.0, 14.0, 16.0 ], "cullface": "west" },
                "up": { "texture": "#0", "uv": [ 8.0, 2.0, 11.0, 14.0 ] },
                "down": { "texture": "#0", "uv": [ 8.0, 14.0, 11.0, 2.0 ], "cullface": "down" }
            }
        },
        {
            "name": "Element",
            "from": [ 1.0, 2.0, 2.0 ], 
            "to": [ 2.0, 3.0, 3.0 ], 
            "faces": {
                "east": { "texture": "#1", "uv": [ 13.0, 13.0, 14.0, 14.0 ] },
                "south": { "texture": "#1", "uv": [ 2.0, 13.0, 3.0, 14.0 ] },
                "west": { "texture": "#1", "uv": [ 2.0, 13.0, 3.0, 14.0 ] },
                "up": { "texture": "#1", "uv": [ 2.0, 13.0, 3.0, 14.0 ] }
            }
        },
        {
            "name": "Element",
            "from": [ 1.0, 2.0, 13.0 ], 
            "to": [ 2.0, 3.0, 14.0 ], 
            "faces": {
                "north": { "texture": "#1", "uv": [ 13.0, 13.0, 14.0, 14.0 ] },
                "east": { "texture": "#1", "uv": [ 2.0, 13.0, 3.0, 14.0 ] },
                "west": { "texture": "#1", "uv": [ 2.0, 13.0, 3.0, 14.0 ] },
                "up": { "texture": "#1", "uv": [ 13.0, 13.0, 14.0, 14.0 ] }
            }
        },
        {
            "name": "Element",
            "from": [ 1.0, 2.0, 5.0 ], 
            "to": [ 2.0, 4.0, 6.0 ], 
            "faces": {
                "north": { "texture": "#1", "uv": [ 5.0, 12.0, 6.0, 14.0 ] },
                "east": { "texture": "#1", "uv": [ 10.0, 12.0, 11.0, 14.0 ] },
                "west": { "texture": "#1", "uv": [ 5.0, 12.0, 6.0, 14.0 ] }
            }
        },
        {
            "name": "Element",
            "from": [ 1.0, 2.0, 10.0 ], 
            "to": [ 2.0, 4.0, 11.0 ], 
            "faces": {
                "north": { "texture": "#1", "uv": [ 10.0, 12.0, 11.0, 14.0 ] },
                "east": { "texture": "#1", "uv": [ 5.0, 12.0, 6.0, 14.0 ] },
                "west": { "texture": "#1", "uv": [ 10.0, 12.0, 11.0, 14.0 ] }
            }
        },
        {
            "name": "Element",
            "from": [ 1.0, 3.0, 4.0 ], 
            "to": [ 2.0, 4.0, 12.0 ], 
            "faces": {
                "north": { "texture": "#1", "uv": [ 4.0, 12.0, 5.0, 13.0 ] },
                "east": { "texture": "#1", "uv": [ 4.0, 12.0, 12.0, 13.0 ] },
                "south": { "texture": "#1", "uv": [ 11.0, 12.0, 12.0, 13.0 ] },
                "west": { "texture": "#1", "uv": [ 4.0, 12.0, 12.0, 13.0 ] },
                "up": { "texture": "#1", "uv": [ 4.0, 12.0, 12.0, 13.0 ], "rotation": 90 },
                "down": { "texture": "#1", "uv": [ 4.0, 12.0, 12.0, 13.0 ], "rotation": 90 }
            }
        },
        {
            "name": "Element",
            "from": [ 1.0, 5.0, 2.0 ], 
            "to": [ 2.0, 6.0, 4.0 ], 
            "faces": {
                "east": { "texture": "#1", "uv": [ 12.0, 10.0, 14.0, 11.0 ] },
                "west": { "texture": "#1", "uv": [ 2.0, 10.0, 4.0, 11.0 ] },
                "up": { "texture": "#1", "uv": [ 2.0, 10.0, 4.0, 11.0 ], "rotation": 90 },
                "down": { "texture": "#1", "uv": [ 2.0, 10.0, 4.0, 11.0 ], "rotation": 90 }
            }
        },
        {
            "name": "Element",
            "from": [ 1.0, 5.0, 12.0 ], 
            "to": [ 2.0, 6.0, 14.0 ], 
            "faces": {
                "east": { "texture": "#1", "uv": [ 2.0, 10.0, 4.0, 11.0 ] },
                "west": { "texture": "#1", "uv": [ 12.0, 10.0, 14.0, 11.0 ] },
                "up": { "texture": "#1", "uv": [ 12.0, 10.0, 14.0, 11.0 ], "rotation": 90 },
                "down": { "texture": "#1", "uv": [ 12.0, 10.0, 14.0, 11.0 ], "rotation": 90 }
            }
        },
        {
            "name": "Element",
            "from": [ 1.0, 3.0, 9.0 ], 
            "to": [ 2.0, 16.0, 10.0 ], 
            "faces": {
                "north": { "texture": "#1", "uv": [ 9.0, 0.0, 10.0, 13.0 ] },
                "east": { "texture": "#1", "uv": [ 6.0, 0.0, 7.0, 13.0 ] },
                "south": { "texture": "#1", "uv": [ 9.0, 0.0, 10.0, 13.0 ] },
                "west": { "texture": "#1", "uv": [ 9.0, 0.0, 10.0, 13.0 ] }
            }
        },
        {
            "name": "Element",
            "from": [ 1.0, 3.0, 6.0 ], 
            "to": [ 2.0, 16.0, 7.0 ], 
            "faces": {
                "north": { "texture": "#1", "uv": [ 6.0, 0.0, 7.0, 13.0 ] },
                "east": { "texture": "#1", "uv": [ 9.0, 0.0, 10.0, 13.0 ] },
                "south": { "texture": "#1", "uv": [ 6.0, 0.0, 7.0, 13.0 ] },
                "west": { "texture": "#1", "uv": [ 6.0, 0.0, 7.0, 13.0 ] }
            }
        },
        {
            "name": "Element",
            "from": [ 1.0, 4.0, 3.0 ], 
            "to": [ 2.0, 16.0, 4.0 ], 
            "faces": {
                "north": { "texture": "#1", "uv": [ 3.0, 0.0, 4.0, 12.0 ] },
                "east": { "texture": "#1", "uv": [ 12.0, 0.0, 13.0, 12.0 ] },
                "south": { "texture": "#1", "uv": [ 3.0, 0.0, 4.0, 12.0 ] },
                "west": { "texture": "#1", "uv": [ 3.0, 0.0, 4.0, 12.0 ] }
            }
        },
        {
            "name": "Element",
            "from": [ 1.0, 4.0, 12.0 ], 
            "to": [ 2.0, 16.0, 13.0 ], 
            "faces": {
                "north": { "texture": "#1", "uv": [ 12.0, 0.0, 13.0, 12.0 ] },
                "east": { "texture": "#1", "uv": [ 3.0, 0.0, 4.0, 12.0 ] },
                "south": { "texture": "#1", "uv": [ 12.0, 0.0, 13.0, 12.0 ] },
                "west": { "texture": "#1", "uv": [ 12.0, 0.0, 13.0, 12.0 ] },
                "down": { "texture": "#1", "uv": [ 12.0, 11.0, 13.0, 12.0 ] }
            }
        },
        {
            "name": "Element",
            "from": [ 1.0, 4.0, 11.0 ], 
            "to": [ 2.0, 5.0, 13.0 ], 
            "faces": {
                "north": { "texture": "#1", "uv": [ 11.0, 11.0, 12.0, 12.0 ] },
                "east": { "texture": "#1", "uv": [ 3.0, 11.0, 5.0, 12.0 ] },
                "west": { "texture": "#1", "uv": [ 11.0, 11.0, 13.0, 12.0 ] },
                "up": { "texture": "#1", "uv": [ 11.0, 11.0, 13.0, 12.0 ], "rotation": 90 }
            }
        },
        {
            "name": "Element",
            "from": [ 1.0, 4.0, 3.0 ], 
            "to": [ 2.0, 5.0, 5.0 ], 
            "faces": {
                "east": { "texture": "#1", "uv": [ 11.0, 11.0, 13.0, 12.0 ] },
                "south": { "texture": "#1", "uv": [ 4.0, 11.0, 5.0, 12.0 ] },
                "west": { "texture": "#1", "uv": [ 3.0, 11.0, 5.0, 12.0 ] },
                "up": { "texture": "#1", "uv": [ 3.0, 11.0, 5.0, 12.0 ], "rotation": 90 },
                "down": { "texture": "#1", "uv": [ 3.0, 11.0, 5.0, 12.0 ], "rotation": 90 }
            }
        },
        {
            "name": "Element",
            "from": [ 1.0, 13.0, 2.0 ], 
            "to": [ 2.0, 14.0, 14.0 ], 
            "faces": {
                "east": { "texture": "#1", "uv": [ 2.0, 2.0, 14.0, 3.0 ] },
                "west": { "texture": "#1", "uv": [ 2.0, 2.0, 14.0, 3.0 ] },
                "up": { "texture": "#1", "uv": [ 2.0, 2.0, 14.0, 3.0 ], "rotation": 90 },
                "down": { "texture": "#1", "uv": [ 2.0, 2.0, 14.0, 3.0 ], "rotation": 90 }
            }
        },
        {
            "name": "Element",
            "from": [ 1.0, 9.0, 2.0 ], 
            "to": [ 2.0, 10.0, 14.0 ], 
            "faces": {
                "east": { "texture": "#1", "uv": [ 2.0, 6.0, 14.0, 7.0 ] },
                "west": { "texture": "#1", "uv": [ 2.0, 6.0, 14.0, 7.0 ] },
                "up": { "texture": "#1", "uv": [ 2.0, 6.0, 14.0, 7.0 ], "rotation": 90 },
                "down": { "texture": "#1", "uv": [ 2.0, 6.0, 14.0, 7.0 ], "rotation": 90 }
            }
        }
    ]
}