{
	"parent": "block/door_bottom",
    "ambientocclusion": false,
    "textures": {
        "particle": "blocks/door_jungle_lower",
        "0": "blocks/door_jungle_side",
        "1": "blocks/door_jungle_lower"
    },
    "elements": [
        {
            "name": "Element",
            "from": [ 0.0, 0.0, 13.0 ], 
            "to": [ 3.0, 2.0, 16.0 ], 
            "faces": {
                "north": { "texture": "#0", "uv": [ 11.0, 14.0, 8.0, 16.0 ] },
                "east": { "texture": "#1", "uv": [ 16.0, 14.0, 13.0, 16.0 ] },
                "south": { "texture": "#0", "uv": [ 8.0, 14.0, 11.0, 16.0 ] },
                "west": { "texture": "#1", "uv": [ 13.0, 14.0, 16.0, 16.0 ] },
                "down": { "texture": "#0", "uv": [ 8.0, 16.0, 11.0, 13.0 ] }
            }
        },
        {
            "name": "Element",
            "from": [ 0.0, 1.0, 0.0 ], 
            "to": [ 3.0, 16.0, 16.0 ], 
            "faces": {
                "north": { "texture": "#0", "uv": [ 11.0, 0.0, 8.0, 15.0 ] },
                "east": { "texture": "#1", "uv": [ 16.0, 0.0, 0.0, 15.0 ] },
                "south": { "texture": "#0", "uv": [ 8.0, 0.0, 11.0, 15.0 ] },
                "west": { "texture": "#1", "uv": [ 0.0, 0.0, 16.0, 15.0 ], "cullface": "west" },
                "down": { "texture": "#0", "uv": [ 8.0, 0.0, 11.0, 16.0 ] }
            }
        },
        {
            "name": "Element",
            "from": [ 0.0, 0.0, 7.0 ], 
            "to": [ 3.0, 2.0, 12.0 ], 
            "faces": {
                "north": { "texture": "#0", "uv": [ 11.0, 14.0, 8.0, 16.0 ] },
                "east": { "texture": "#1", "uv": [ 12.0, 14.0, 7.0, 16.0 ] },
                "south": { "texture": "#0", "uv": [ 8.0, 14.0, 11.0, 16.0 ] },
                "west": { "texture": "#1", "uv": [ 7.0, 14.0, 12.0, 16.0 ] },
                "down": { "texture": "#0", "uv": [ 8.0, 13.0, 11.0, 8.0 ] }
            }
        },
        {
            "name": "Element",
            "from": [ 0.0, 0.0, 0.0 ], 
            "to": [ 3.0, 2.0, 3.0 ], 
            "faces": {
                "north": { "texture": "#0", "uv": [ 11.0, 14.0, 8.0, 16.0 ] },
                "east": { "texture": "#1", "uv": [ 3.0, 14.0, 0.0, 16.0 ] },
                "south": { "texture": "#0", "uv": [ 8.0, 14.0, 11.0, 16.0 ] },
                "west": { "texture": "#1", "uv": [ 0.0, 14.0, 3.0, 16.0 ] },
                "down": { "texture": "#0", "uv": [ 0.0, 3.0, 3.0, 0.0 ] }
            }
        }
    ]
}